Accuracy,Precision,Recall,F1 Score,ROC AUC,CV Mean AUC,CV Std AUC
Random Forest,0.91,0.8979591836734694,0.9166666666666666,0.9072164948453608,0.9674479166666667,0.9574648158858684,0.006989177132501019
XGBoost,0.9,0.9042553191489362,0.8854166666666666,0.8947368421052632,0.9792668269230769,0.9643162112010796,0.003110713076100154
LightGBM,0.9,0.9222222222222223,0.8645833333333334,0.8924731182795699,0.9740584935897436,0.9653989360420281,0.005141353945720117
